{"cameraMode":{"drawMode":0,"name":"Shaded","section":"Shading Mode"},"sceneLighting":true,"audioPlay":false,"sceneViewState":{"m_AlwaysRefresh":false,"showFog":true,"showSkybox":true,"showFlares":true,"showImageEffects":true,"showParticleSystems":true,"showVisualEffectGraphs":true,"m_FxEnabled":true},"in2DMode":false,"pivot":{"x":10.785926818847657,"y":-7.985578536987305,"z":2.0794878005981447},"rotation":{"x":-0.04233124479651451,"y":0.8735462427139282,"z":-0.47870734333992007,"w":-0.07724634557962418},"size":46.296566009521487,"orthographic":false}