{"cameraMode":{"drawMode":0,"name":"Shaded","section":"Shading Mode"},"sceneLighting":true,"audioPlay":false,"sceneViewState":{"m_AlwaysRefresh":false,"showFog":true,"showSkybox":true,"showFlares":true,"showImageEffects":true,"showParticleSystems":true,"showVisualEffectGraphs":true,"m_FxEnabled":true},"in2DMode":false,"pivot":{"x":1.2216180562973023,"y":1.4831082820892335,"z":3.277134895324707},"rotation":{"x":0.2882276177406311,"y":-0.003814183408394456,"z":0.0011431912425905467,"w":0.9575947523117065},"size":1.2460869550704957,"orthographic":false}