{"cameraMode":{"drawMode":0,"name":"Shaded","section":"Shading Mode"},"sceneLighting":true,"audioPlay":false,"sceneViewState":{"m_AlwaysRefresh":false,"showFog":true,"showSkybox":true,"showFlares":true,"showImageEffects":true,"showParticleSystems":true,"showVisualEffectGraphs":true,"m_FxEnabled":true},"in2DMode":false,"pivot":{"x":-1.386435627937317,"y":0.6608365774154663,"z":3.173444986343384},"rotation":{"x":-0.36898621916770937,"y":-0.002794459694996476,"z":0.0008761672070249915,"w":-0.9295750260353088},"size":1.1147253513336182,"orthographic":false}