{"cameraMode":{"drawMode":0,"name":"Shaded","section":"Shading Mode"},"sceneLighting":false,"audioPlay":false,"sceneViewState":{"m_AlwaysRefresh":false,"showFog":true,"showSkybox":true,"showFlares":true,"showImageEffects":true,"showParticleSystems":true,"showVisualEffectGraphs":true,"m_FxEnabled":true},"in2DMode":false,"pivot":{"x":0.010547949001193047,"y":-0.29387325048446658,"z":0.3933022618293762},"rotation":{"x":0.010641330853104592,"y":0.8320147395133972,"z":-0.5545174479484558,"w":0.01608913764357567},"size":0.23132403194904328,"orthographic":false}