{"cameraMode":{"drawMode":0,"name":"Shaded","section":"Shading Mode"},"sceneLighting":true,"audioPlay":false,"sceneViewState":{"m_AlwaysRefresh":false,"showFog":true,"showSkybox":true,"showFlares":true,"showImageEffects":true,"showParticleSystems":true,"showVisualEffectGraphs":true,"m_FxEnabled":true},"in2DMode":false,"pivot":{"x":0.04123082756996155,"y":-0.11498671770095825,"z":2.179737091064453},"rotation":{"x":-0.47248515486717226,"y":0.11044570058584213,"z":-0.06018798053264618,"w":-0.8724868297576904},"size":2.1752846240997316,"orthographic":false}