{"cameraMode":{"drawMode":0,"name":"Shaded","section":"Shading Mode"},"sceneLighting":true,"audioPlay":false,"sceneViewState":{"m_AlwaysRefresh":false,"showFog":true,"showSkybox":true,"showFlares":true,"showImageEffects":true,"showParticleSystems":true,"showVisualEffectGraphs":true,"m_FxEnabled":true},"in2DMode":false,"pivot":{"x":2.6207468509674074,"y":1.603116512298584,"z":-0.23157358169555665},"rotation":{"x":0.14461737871170045,"y":-0.057340674102306369,"z":0.008391358889639378,"w":0.9878326654434204},"size":1.8043007850646973,"orthographic":false}