{"cameraMode":{"drawMode":0,"name":"Shaded","section":"Shading Mode"},"sceneLighting":true,"audioPlay":false,"sceneViewState":{"m_AlwaysRefresh":false,"showFog":true,"showSkybox":true,"showFlares":true,"showImageEffects":true,"showParticleSystems":true,"showVisualEffectGraphs":true,"m_FxEnabled":true},"in2DMode":false,"pivot":{"x":3.122382164001465,"y":3.1412570476531984,"z":1.2362112998962403},"rotation":{"x":0.2090473622083664,"y":-0.08299416303634644,"z":0.01780538260936737,"w":0.9742577075958252},"size":4.7436909675598148,"orthographic":false}