{"cameraMode":{"drawMode":0,"name":"Shaded","section":"Shading Mode"},"sceneLighting":true,"audioPlay":false,"sceneViewState":{"m_AlwaysRefresh":false,"showFog":true,"showSkybox":true,"showFlares":true,"showImageEffects":true,"showParticleSystems":true,"showVisualEffectGraphs":true,"m_FxEnabled":true},"in2DMode":false,"pivot":{"x":1.2126007080078126,"y":4.366431713104248,"z":-0.2393384575843811},"rotation":{"x":-0.35740935802459719,"y":0.04338812828063965,"z":-0.0169847309589386,"w":-0.9329514503479004},"size":0.09976844489574433,"orthographic":false}