{"cameraMode":{"drawMode":0,"name":"Shaded","section":"Shading Mode"},"sceneLighting":false,"audioPlay":false,"sceneViewState":{"m_AlwaysRefresh":false,"showFog":true,"showSkybox":true,"showFlares":true,"showImageEffects":true,"showParticleSystems":true,"showVisualEffectGraphs":true,"m_FxEnabled":true},"in2DMode":false,"pivot":{"x":119.57815551757813,"y":37.425926208496097,"z":-35.67692947387695},"rotation":{"x":0.23465541005134583,"y":0.007785010151565075,"z":-0.0018746970454230905,"w":0.9720619916915894},"size":25.23884391784668,"orthographic":false}